Date,Open,High,Low,Close,Volume,Average,Barcount
2005-07-22,122.5,125.25,122.05,123.5,284584400.0,122.875,430302
2005-07-29,123.41,124.64,122.85,123.77,234825900.0,123.661,420807
2005-08-05,123.8,128.28,121.89,122.9,204721400.0,123.828,343457
2005-08-12,123.17,129.3,122.22,123.08,267347700.0,123.365,411420
2005-08-19,123.22,123.87,115.88,122.49,247023500.0,122.609,451791
2005-08-26,122.58,123.23,120.68,120.72,272982700.0,121.863,453519
2005-09-02,120.41,128.6,120.0,122.25,311725000.0,121.646,526229
2005-09-09,122.67,124.74,122.65,124.57,161381300.0,123.728,284911
2005-09-16,124.44,124.67,122.87,123.54,247831800.0,123.579,422454
2005-09-23,123.45,131.37,120.44,121.45,335696000.0,121.876,554975
2005-09-30,122.02,123.05,120.69,123.02,282772600.0,121.869,484137
2005-10-07,122.96,123.34,112.09,119.66,381496400.0,120.561,525086
2005-10-14,119.68,119.71,116.88,118.68,379112200.0,118.26,507986
2005-10-21,118.77,119.92,117.12,118.13,427538200.0,118.451,506445
2005-10-28,118.44,120.54,109.22,119.8,341247900.0,119.309,443543
2005-11-04,120.29,122.66,120.0,122.11,318206200.0,121.323,458431
2005-11-11,122.4,123.84,121.0,123.78,234962800.0,122.551,360017
2005-11-18,123.76,126.06,122.86,125.12,287729300.0,123.896,406650
2005-11-25,125.16,127.41,124.98,127.1,151140500.0,126.145,256013
2005-12-02,127.25,129.69,125.01,126.87,241364100.0,126.455,465369
2005-12-09,126.64,127.74,123.34,126.29,261199500.0,126.467,505685
2005-12-16,126.71,137.32,121.71,126.4,260462400.0,127.165,403655
2005-12-23,126.73,126.87,125.48,126.73,187867800.0,126.259,333201
2005-12-30,126.92,127.05,124.36,124.46,137992300.0,125.515,266016
2006-01-06,125.1,128.58,124.39,128.45,204365500.0,126.902,356345
2006-01-13,128.42,129.44,125.78,128.65,200324900.0,128.766,418165
2006-01-20,128.2,128.77,120.89,126.02,277921400.0,127.632,611483
2006-01-27,126.21,128.66,125.84,128.53,291853600.0,127.005,613833
2006-02-03,128.44,128.81,126.14,126.3,286001700.0,127.584,495130
2006-02-10,126.44,137.33,125.4,126.65,270631600.0,126.347,460226
2006-02-17,126.57,129.98,125.95,128.82,288689700.0,127.746,420136
2006-02-24,129.12,129.65,128.29,129.37,143468300.0,129.049,237665
2006-03-03,129.4,130.07,128.13,128.81,255752400.0,129.05,403774
2006-03-10,129.14,129.9,127.18,128.57,268486600.0,128.091,399947
2006-03-17,128.84,131.47,128.53,130.59,244417700.0,130.103,369302
2006-03-24,130.64,9130.03,128.96,130.23,241768500.0,130.172,337325
2006-03-31,130.03,130.98,128.29,129.84,279120200.0,129.922,399631
2006-04-07,130.07,131.4,129.35,129.56,272260300.0,130.412,459885
2006-04-14,129.71,130.08,128.1,128.74,191712100.0,129.022,286970
2006-04-21,128.79,134.34,128.02,131.1,357804100.0,130.425,445637
2006-04-28,130.93,131.75,129.59,131.43,345977800.0,130.752,455652
2006-05-05,131.46,132.8,130.3,132.55,251279600.0,131.352,310918
2006-05-12,132.52,133.33,128.27,129.28,256327400.0,131.307,290922
2006-05-19,128.79,130.79,12.0,127.04,451137500.0,127.917,487856
2006-05-26,126.28,128.38,124.76,128.33,436205800.0,126.533,473173
2006-06-02,127.97,137.38,126.05,129.03,275416100.0,127.776,310684
2006-06-09,128.79,128.86,120.7,125.35,566441600.0,126.234,548586
2006-06-16,125.89,126.36,122.34,124.76,561465100.0,124.197,575399
2006-06-23,125.4,125.7,123.55,124.43,328652800.0,124.554,382553
2006-06-30,124.54,127.66,123.65,127.25,292014100.0,125.435,353207
2006-07-07,127.43,128.01,126.29,126.65,183215600.0,127.158,215148
2006-07-14,126.94,129.48,122.83,123.55,381033700.0,125.469,412569
2006-07-21,123.5,126.3,122.39,123.86,491088100.0,124.523,493744
2006-07-28,124.44,136.64,124.44,127.97,404718300.0,126.647,393600
2006-08-04,127.68,129.43,126.55,128.21,294265500.0,127.815,318544
2006-08-11,127.9,128.6,126.28,127.0,301427300.0,127.428,336738
2006-08-18,127.63,130.69,126.92,130.65,295098300.0,129.104,345941
2006-08-25,130.18,139.32,129.19,129.85,245915100.0,129.896,281530
2006-09-01,129.66,131.58,129.64,131.44,223968200.0,130.672,281788
2006-09-08,131.51,131.85,120.22,130.2,205918100.0,130.54,246820
2006-09-15,129.86,132.45,129.48,131.9,290199200.0,131.412,351779
2006-09-22,131.8,133.4,130.46,131.52,351850600.0,131.876,404168
2006-09-29,131.73,134.0,131.05,133.65,313600300.0,133.087,361437
2006-10-06,133.54,135.57,132.49,134.88,301156600.0,134.119,343757
2006-10-13,134.85,136.71,134.3,136.58,284607700.0,135.416,327626
2006-10-20,136.52,137.5,127.29,136.83,296894500.0,136.512,303021
2006-10-27,136.56,139.92,128.27,137.81,309707700.0,137.962,356791
2006-11-03,137.66,138.31,130.78,136.44,292404100.0,137.304,330039
2006-11-10,136.96,139.14,136.67,138.3,321237400.0,138.3,337890
2006-11-17,138.18,141.58,137.64,140.44,305018200.0,139.589,337089
2006-11-24,140.3,149.86,140.0,140.39,164721800.0,140.53,201561
2006-12-01,140.29,141.05,137.19,140.35,432637300.0,139.559,499291
2006-12-08,140.25,144.71,140.23,141.42,316188800.0,141.441,398762
2006-12-15,141.42,143.24,140.64,142.34,268756000.0,142.089,343819
2006-12-22,142.54,142.88,140.65,140.68,237758000.0,141.819,325562
2006-12-29,140.82,142.7,140.27,141.6,138149200.0,142.016,202984
2007-01-05,142.25,144.78,140.38,140.47,207986600.0,141.408,291263
2007-01-12,140.82,143.35,140.2,143.27,290074200.0,141.468,400941
2007-01-19,143.07,143.46,142.31,142.95,199679000.0,142.866,284888
2007-01-26,143.07,145.95,134.4,142.22,293433100.0,142.625,392987
2007-02-02,142.19,144.95,141.74,144.78,303403000.0,143.347,386764
2007-02-09,144.7,146.11,143.39,143.9,286452000.0,144.649,369176
2007-02-16,143.94,145.95,143.19,145.73,248014400.0,144.76,316682
2007-02-23,145.56,146.42,144.06,145.35,251099800.0,145.642,358267
2007-03-02,145.83,145.95,138.05,138.94,764057800.0,141.216,762046
2007-03-09,137.92,141.42,137.08,140.61,545458700.0,139.717,612340
2007-03-16,140.42,141.34,136.5,138.21,658386100.0,139.079,769916
2007-03-23,139.26,143.81,138.89,143.45,478932800.0,141.992,616072
2007-03-30,143.5,143.9,140.56,142.0,583025000.0,142.199,787551
2007-04-06,142.16,1441.65,140.89,144.31,256979900.0,143.635,383100
2007-04-13,144.59,145.32,142.66,145.24,391437200.0,144.38,519845
2007-04-20,145.86,148.62,145.54,148.59,455050800.0,147.196,622152
2007-04-27,148.37,149.97,140.56,149.65,453322300.0,148.749,601778
2007-05-04,149.63,151.56,140.93,150.94,469078600.0,149.394,686481
2007-05-11,150.88,152.82,149.27,150.91,486674000.0,150.497,631331
2007-05-18,150.86,152.65,149.79,152.58,564793900.0,151.197,748535
2007-05-25,152.58,1511.7,150.74,151.8,518523300.0,152.426,731622
2007-06-01,151.94,154.4,150.5,153.88,398449400.0,152.926,508587
2007-06-08,153.53,161.9,143.46,151.1,729824700.0,151.624,923207
2007-06-15,150.96,153.66,149.35,152.97,699509500.0,151.57,871254
2007-06-22,153.36,153.79,149.85,150.7,731353700.0,151.795,924186
2007-06-29,150.24,151.65,113.35,150.32,932248800.0,150.013,1227065
2007-07-06,152.17,153.17,151.63,152.92,196553700.0,152.343,313428
2007-07-13,153.15,155.46,150.52,154.91,621088800.0,152.693,914824
2007-07-20,154.99,156.0,152.25,153.47,805917500.0,154.424,1172302
2007-07-27,154.29,154.72,47.5,145.3,1391870800.0,149.69,2052078
2007-08-03,145.89,149.46,143.2,143.6,1575462800.0,146.242,2182359
2007-08-10,144.22,154.53,37.55,145.05,1534856100.0,146.406,2301894
2007-08-17,146.5,154.54,137.0,144.8,1544182500.0,142.495,2345728
2007-08-24,145.13,148.42,143.11,148.39,782510300.0,145.777,1255355
2007-08-31,147.87,148.5,143.46,147.57,836749100.0,146.136,1271336
2007-09-07,147.47,149.98,145.26,146.25,574814100.0,147.414,909612
2007-09-14,146.51,149.45,144.33,148.93,690746600.0,147.359,1078652
2007-09-21,148.29,154.39,147.63,152.05,752973900.0,151.605,1195464
2007-09-28,152.43,153.31,150.47,152.65,584202000.0,152.113,945944
2007-10-05,152.61,156.1,152.5,156.0,529734200.0,154.281,844796
2007-10-12,155.39,157.52,154.54,156.43,577876400.0,155.819,879134
2007-10-19,156.27,156.48,149.27,149.4,896279200.0,153.25,1403066
2007-10-26,148.83,153.97,148.0,153.8,1077052200.0,150.854,1597456
2007-11-02,153.92,155.27,149.21,151.38,1008385700.0,152.326,1516687
2007-11-09,149.63,152.11,144.85,144.87,1244968800.0,148.328,1815660
2007-11-16,145.2,149.4,143.44,145.95,1112252900.0,146.274,1577200
2007-11-23,145.28,148.7,141.67,143.95,943982800.0,143.617,1374340
2007-11-30,144.38,149.87,140.66,148.55,1057693600.0,145.213,1623275
2007-12-07,148.21,156.49,146.31,150.88,664761100.0,148.752,1052489
2007-12-14,151.25,161.61,147.1,147.12,896034100.0,149.439,1434984
2007-12-21,146.62,148.43,143.96,148.32,835050000.0,146.089,1275620
2007-12-28,148.74,149.68,146.9,147.38,300930700.0,148.331,457000
2008-01-04,147.11,147.33,140.91,141.31,552203500.0,144.266,882167
2008-01-11,141.81,142.9,137.7,140.15,1301645500.0,140.619,1860706
2008-01-18,141.16,141.86,131.1,132.06,1312426900.0,136.368,1812415
2008-01-25,126.45,136.76,126.0,133.38,1223360300.0,131.702,1738018
2008-02-01,133.29,139.61,132.06,139.58,1092237700.0,136.208,1580868
2008-02-08,139.19,139.3,131.73,133.07,1005895200.0,134.346,1525380
2008-02-15,133.12,137.1,132.04,135.14,864475800.0,135.027,1372847
2008-02-22,136.67,137.6,132.86,135.62,704192700.0,135.043,1171101
2008-02-29,135.54,139.14,132.78,133.82,860365100.0,136.617,1522450
2008-03-07,133.16,134.77,128.58,129.71,1180602800.0,132.021,1969395
2008-03-14,129.77,133.77,127.59,129.61,1422364300.0,130.295,2449711
2008-03-20,126.35,134.65,126.07,132.08,1140652000.0,130.615,1964914
2008-03-28,133.31,135.81,131.06,131.51,870867400.0,133.89,1556547
2008-04-04,130.76,137.96,130.76,136.89,877250700.0,135.658,1544230
2008-04-11,137.87,138.57,133.01,133.38,808508500.0,135.83,1385641
2008-04-18,133.19,139.56,132.33,138.48,783595400.0,135.496,1400203
2008-04-25,138.21,139.89,136.64,139.6,789952400.0,138.303,1393690
2008-05-02,139.88,142.37,138.27,141.51,717390200.0,139.978,1281693
2008-05-09,141.05,142.2,138.45,138.9,732498800.0,140.199,1364233
2008-05-16,139.25,142.95,138.73,142.66,758619700.0,141.196,1337859
2008-05-23,142.81,144.3,137.5,137.64,853190200.0,140.661,1550522
2008-05-30,137.8,140.93,137.53,140.35,549076800.0,139.302,1016061
2008-06-06,139.82,140.89,136.22,136.29,1149113600.0,138.563,1917439
2008-06-13,136.84,137.5,133.52,136.15,1116576800.0,135.563,1992890
2008-06-20,135.56,137.12,131.22,131.58,1097524600.0,134.411,1920594
2008-06-27,132.04,133.4,127.04,127.53,1170863800.0,130.379,2169652
2008-07-03,127.89,129.16,124.99,126.31,1060864500.0,127.454,1930454
2008-07-11,126.79,127.74,122.49,123.84,1792226200.0,125.094,3405340
2008-07-18,125.26,126.42,120.02,125.98,1588106700.0,123.547,3158707
2008-07-25,126.51,129.15,124.85,125.48,1163197500.0,126.678,2303205
2008-08-01,125.49,128.6,123.42,126.16,1210502700.0,126.411,2389881
2008-08-08,126.04,129.93,124.76,129.37,1055678300.0,127.567,2133289
2008-08-15,129.45,131.51,127.67,130.17,1044870400.0,129.563,2194354
2008-08-22,130.44,130.48,126.34,129.65,844185100.0,127.86,1860999
2008-08-29,128.78,130.41,126.58,128.79,774824700.0,128.408,1678364
2008-09-05,130.06,130.71,122.0,124.42,1024135700.0,126.24,2122831
2008-09-12,128.05,128.24,121.6,126.09,1531927800.0,124.834,3091896
2008-09-19,121.84,128.0,113.8,124.12,2384752900.0,119.976,5321950
2008-09-26,124.45,124.75,117.79,120.85,1257649500.0,120.314,2864856
2008-10-03,119.18,121.18,109.68,110.34,1675817100.0,114.162,3901996
2008-10-10,107.12,107.62,83.58,88.5,2851852600.0,97.406,6850863
2008-10-17,93.87,105.53,86.54,93.21,2364793900.0,95.064,5717962
2008-10-24,95.35,99.11,83.81,87.04,2111293200.0,91.311,5486058
2008-10-31,85.96,98.57,83.69,96.83,2080111100.0,92.194,6148163
2008-11-07,96.75,100.86,90.06,93.86,1604399300.0,95.389,4726002
2008-11-14,95.21,95.53,82.09,86.62,2206542700.0,88.579,6433823
2008-11-21,86.38,88.56,74.34,79.52,2741089900.0,81.487,8352129
2008-11-28,81.89,90.21,81.17,90.09,1289878000.0,85.82,3789098
2008-12-05,87.51,90.03,81.82,87.93,2008766900.0,85.163,5905948
2008-12-12,90.34,92.38,85.2,88.99,1708814600.0,89.636,4959203
2008-12-19,89.03,92.43,86.29,88.19,1364166600.0,89.639,3798140
2008-12-26,88.5,88.67,85.49,87.16,534479700.0,86.826,1517233
2009-01-02,87.24,93.44,85.6,92.96,640659500.0,89.568,1834873
2009-01-09,92.62,94.55,88.67,89.09,1274965600.0,91.482,3597833
2009-01-16,88.82,88.91,81.72,85.06,1765340900.0,85.14,4750970
2009-01-23,84.24,85.06,80.05,83.11,1425252800.0,82.355,4057928
2009-01-30,83.6,87.95,82.21,82.69,1419489400.0,84.848,4072229
2009-02-06,81.56,87.34,81.31,86.98,1499375200.0,84.209,4201481
2009-02-13,86.96,87.74,81.05,82.74,1646175800.0,83.825,4708037
2009-02-20,80.16,82.96,75.77,77.38,1485496000.0,78.688,4057178
2009-02-27,78.25,79.67,73.74,73.93,1884456600.0,76.11913738963264,5298918
2009-03-06,72.51,72.92,67.1,68.84,2011866200.0,70.239,5739765
2009-03-13,67.95,76.39,67.73,76.15,1639548500.0,72.529,4858667
2009-03-20,76.95,81.0,75.45,76.65,1694830700.0,78.086,4664457
2009-03-27,78.73,83.3,78.4,81.61,1697482600.0,81.422,5196111
2009-04-03,79.79,84.62,77.96,84.27,1581816000.0,81.283,4747321
2009-04-09,83.33,85.82,81.51,85.82,904297300.0,83.088,2514772
2009-04-17,84.91,87.65,83.61,87.14,1099035200.0,85.497,2959676
2009-04-24,85.55,87.31,82.75,86.68,1288668400.0,84.975,3278660
2009-05-01,85.69,89.02,84.76,87.84,1190017200.0,86.977,3019657
2009-05-08,88.55,93.22,88.38,92.99,1245083200.0,91.11,3131879
2009-05-15,91.69,92.11,88.15,88.73,1131332400.0,89.99,2875223
2009-05-22,89.56,92.8,88.26,89.04,997267200.0,90.453,2458379
2009-05-29,88.36,92.69,88.32,92.41,889595400.0,90.752,2050049
2009-06-05,93.65,95.67,87.53,94.53,1061050700.0,94.324,2628220
2009-06-12,93.85,96.11,93.04,95.09,1017920100.0,94.522,2510188
2009-06-19,93.96,94.02,90.83,92.04,914879200.0,92.257,2519825
2009-06-26,91.12,92.24,88.85,91.89,912200700.0,90.534,2400181
2009-07-02,92.11,93.23,89.76,89.85,623695600.0,91.833,1680806
2009-07-10,88.94,89.93,87.0,87.95,823876200.0,88.415,2291324
2009-07-17,88.3,94.51,87.59,94.17,808416700.0,91.835,2056364
2009-07-24,94.68,98.14,94.19,98.06,839896600.0,96.087,1926037
2009-07-31,97.68,99.83,96.98,98.81,753505000.0,98.341,1809850
2009-08-07,99.85,102.03,99.31,101.2,802274100.0,100.393,1789504
2009-08-14,100.77,101.61,99.46,100.73,750899000.0,100.588,1740762
2009-08-21,98.86,103.13,98.11,102.97,835169000.0,100.071,1890012
2009-08-28,103.4,104.35,101.94,103.33,798535500.0,103.19,1791599
2009-09-04,102.37,103.24,99.57,102.08,803651200.0,101.082,1770015
2009-09-11,103.0,105.3,102.39,104.79,526181800.0,103.864,1199602
2009-09-18,103.88,108.06,103.15,106.72,772986900.0,106.276,1737846
2009-09-25,105.89,108.03,104.09,104.45,793468600.0,106.024,1823911
2009-10-02,104.85,107.02,101.99,102.54,828570800.0,104.67,1941673
2009-10-09,102.9,107.26,102.6,107.25,731306100.0,105.597,1722486
2009-10-16,107.76,109.7,106.76,108.86,690629200.0,108.405,1566528
2009-10-23,109.06,110.31,107.5,108.08,886997600.0,109.017,2008980
2009-10-30,108.19,109.31,103.44,103.56,1112815400.0,106.013,2821880
2009-11-06,104.13,107.4,103.08,107.16,945202600.0,105.302,2599270
2009-11-13,107.95,110.82,107.87,109.61,702663200.0,109.513,1920424
2009-11-20,110.38,111.69,109.01,109.43,702613300.0,110.46,1751846
2009-11-27,110.71,111.74,108.29,109.5,436281000.0,110.632,1205646
2009-12-04,109.49,112.38,109.02,111.01,756659500.0,110.945,2082739
2009-12-11,110.95,111.53,109.02,111.18,586621000.0,110.381,1668853
2009-12-18,111.87,112.13,109.28,110.19,575012700.0,110.944,1517265
2009-12-24,110.76,112.6,110.76,112.6,281833900.0,111.71,766175
2009-12-31,112.9,113.03,111.43,111.44,240415600.0,112.499,677768
2010-01-08,112.37,114.62,112.33,114.62,490228900.0,113.626,1309941
2010-01-15,115.07,115.14,113.2,113.67,643755600.0,114.116,1808484
2010-01-22,113.59,115.14,109.09,109.21,873005000.0,112.364,2367756
2010-01-29,110.2,110.47,107.22,107.37,1106905100.0,109.158,2887030
2010-02-05,108.15,110.59,104.58,106.66,1166646700.0,107.797,2905639
2010-02-12,106.74,108.25,105.81,108.04,1121504600.0,107.132,2960911
2010-02-19,108.86,111.57,107.82,111.18,612276500.0,110.279,1684465
2010-02-26,111.55,111.58,108.94,110.76,824195100.0,110.361,2250628
2010-03-05,111.19,114.34,111.17,114.23,676738000.0,112.625,1832315
2010-03-12,114.26,115.97,113.87,115.46,663498300.0,114.836,1878684
2010-03-19,115.25,117.48,114.6,115.93,769892900.0,116.26,2066557
2010-03-26,115.31,118.17,115.24,116.66,856789600.0,116.909,2151038
2010-04-01,117.16,118.25,116.61,117.82,506505500.0,117.373,1365296
2010-04-09,118.25,119.6,117.6,119.55,592929800.0,118.665,1685735
2010-04-16,119.69,121.57,118.75,119.4,794103900.0,120.119,2090554
2010-04-23,119.01,121.86,118.47,121.79,870164200.0,120.292,2259860
2010-04-30,121.85,122.12,118.25,118.86,1116077100.0,119.966,2954459
2010-05-07,119.39,120.68,105.0,111.0,1867504800.0,114.927,4933431
2010-05-14,115.81,117.68,112.87,113.92,1301920500.0,115.735,3986362
2010-05-21,114.19,115.22,105.64,109.03,1830047000.0,110.661,5524061
2010-05-28,108.52,110.8,104.38,109.44,1369864600.0,108.38,4187169
2010-06-04,108.35,111.06,106.46,106.94,947521600.0,108.909,2946714
2010-06-11,107.21,109.75,104.65,109.68,1190300600.0,107.149,3724035
2010-06-18,110.52,112.42,109.4,111.66,906306600.0,111.32,2718373
2010-06-25,113.11,113.2,106.77,107.95,1059409900.0,109.424,3229196
2010-07-02,108.04,108.32,101.13,102.2,1187755300.0,103.983,3496714
2010-07-09,103.64,107.97,101.88,107.93,751038300.0,105.192,2311783
2010-07-16,107.61,110.4,106.45,106.63,891289500.0,108.642,2611730
2010-07-23,107.05,110.57,105.82,110.41,998209200.0,108.265,2855985
2010-07-30,110.59,112.29,108.98,110.27,834455600.0,110.869,2346723
2010-08-06,111.98,113.11,110.92,112.41,715985900.0,112.276,2023856
2010-08-13,112.92,113.18,107.6,108.28,838442300.0,110.213,2374994
2010-08-20,107.57,110.39,106.75,107.53,796479200.0,108.571,2179909
2010-08-27,108.04,108.57,104.29,106.82,983086400.0,105.973,2574379
2010-09-03,106.58,110.99,104.49,110.92,880513300.0,107.62,2312966
2010-09-10,110.37,111.68,109.55,111.54,472787800.0,110.684,1340145
2010-09-17,112.58,113.29,111.98,112.51,726700500.0,112.684,2004047
2010-09-24,112.88,114.9,112.18,114.79,881383800.0,113.788,2451540
2010-10-01,114.87,115.79,113.18,114.61,838404400.0,114.47,2547834
2010-10-08,114.37,116.86,113.18,116.56,726358600.0,115.511,2285112
2010-10-15,116.73,118.55,115.65,117.72,770432000.0,117.299,2360633
2010-10-22,117.73,119.09,116.02,118.38,801496800.0,117.741,2297753
2010-10-29,119.14,119.76,117.26,118.53,681134700.0,118.425,2061176
2010-11-05,119.07,122.92,117.85,122.74,806628600.0,120.436,2344314
2010-11-12,122.34,122.95,119.65,120.18,836425300.0,121.383,2337076
2010-11-19,120.58,121.05,117.59,120.26,799254900.0,119.237,2313188
2010-11-26,119.69,120.24,117.99,119.27,493672000.0,119.218,1469150
2010-12-03,118.52,123.03,117.74,122.86,781309800.0,120.248,2307881
2010-12-10,122.62,124.6,122.41,124.5,566867300.0,123.392,1751175
2010-12-17,125.05,125.23,123.75,124.38,570663300.0,124.565,1646515
2010-12-23,124.64,125.82,123.98,125.61,279624600.0,125.153,814701
2010-12-31,125.13,126.2,125.04,125.78,267469700.0,125.73,707759
2011-01-07,126.71,127.83,126.15,127.13,553708800.0,127.1,1508997
2011-01-14,126.59,129.33,126.2,129.28,481368300.0,127.928,1466893
2011-01-21,129.18,129.64,127.13,128.36,483831000.0,128.475,1370345
2011-01-28,128.28,130.35,127.51,127.72,681534800.0,128.967,2052062
2011-02-04,128.07,131.2,127.75,131.17,578592000.0,130.045,1704363
2011-02-11,131.44,133.28,131.3,133.15,547490000.0,132.21,1566642
2011-02-18,133.03,134.69,132.66,134.57,467585300.0,133.685,1404811
2011-02-25,133.12,133.86,129.7,132.32,702780700.0,131.553,2086684
2011-03-04,132.82,133.69,130.35,132.47,792642100.0,132.239,2299401
2011-03-11,132.86,133.16,129.49,130.84,840381400.0,131.262,2429150
2011-03-18,129.99,130.48,125.28,127.76,1148037600.0,127.926,3247709
2011-03-25,129.36,131.87,128.32,131.29,591369900.0,130.062,1799582
2011-04-01,131.59,133.77,130.44,133.15,509914800.0,132.389,1540478
2011-04-08,133.43,134.0,132.31,132.86,566811200.0,133.303,1696933
2011-04-15,133.0,133.45,130.27,132.12,630063100.0,131.73,1854449
2011-04-21,130.57,133.84,129.51,133.74,473508500.0,131.72,1485146
2011-04-29,133.67,136.57,133.2,136.54,453216100.0,135.201,1321115
2011-05-06,137.07,137.18,133.02,134.2,756832600.0,134.988,2287617
2011-05-13,134.19,136.11,133.39,134.04,622841700.0,134.65,1934181
2011-05-20,133.57,135.03,132.12,133.67,626222500.0,133.699,1863104
2011-05-27,131.98,133.87,131.38,133.54,618859400.0,132.456,1914191
2011-06-03,134.77,134.91,130.08,130.4,650611900.0,132.378,1855684
2011-06-10,130.08,130.36,127.26,127.56,769714600.0,128.951,2235480
2011-06-17,127.88,129.77,126.32,127.02,949252300.0,127.696,2590729
2011-06-24,126.62,129.81,126.19,126.81,895526000.0,127.927,2523804
2011-07-01,126.89,134.1,126.64,133.96,798407300.0,130.626,2235677
2011-07-08,133.78,135.7,133.11,134.4,519633100.0,134.16,1463141
2011-07-15,132.76,133.22,130.68,131.74,853679800.0,131.899,2375448
2011-07-22,131.08,134.82,129.63,134.61,687695400.0,132.76,1972591
2011-07-29,133.3,134.49,127.97,129.05,846083100.0,131.394,2300900
2011-08-05,130.84,130.96,116.86,119.98,1835084900.0,123.605,4854483
2011-08-12,116.92,119.22,110.27,118.15,2282555500.0,115.079,6538908
2011-08-19,119.18,121.2,112.5,112.68,1352839700.0,116.84,3859475
2011-08-26,115.16,119.4,112.41,118.04,1242531500.0,115.763,3811330
2011-09-02,119.56,123.51,117.43,117.84,1023664900.0,121.058,3234950
2011-09-09,114.39,120.94,114.38,115.86,928011200.0,117.572,2877056
2011-09-16,114.48,121.97,114.05,121.58,1186333600.0,118.554,3578430
2011-09-23,119.53,121.99,111.3,113.54,1300896400.0,116.383,3998088
2011-09-30,114.61,119.56,112.98,113.17,1216846800.0,116.019,3824153
2011-10-07,112.48,117.25,107.43,115.75,1410852800.0,112.61,4484562
2011-10-14,117.68,122.6,117.67,122.56,951182900.0,120.274,2893114
2011-10-21,121.99,124.12,119.2,123.91,1055014500.0,121.809,2966473
2011-10-28,124.17,129.42,122.21,128.68,1088836500.0,125.794,3009802
2011-11-04,127.16,127.26,121.52,125.45,1145487500.0,124.295,3198807
2011-11-11,125.38,128.02,122.86,126.62,971666600.0,125.259,2772598
2011-11-18,126.19,126.75,121.23,121.99,900318600.0,123.978,2460599
2011-11-25,120.2,120.35,116.2,116.2,647807100.0,118.5,1789133
2011-12-02,119.54,126.5,118.82,124.86,866956800.0,122.967,2325312
2011-12-09,126.84,127.26,123.65,126.03,841123500.0,125.838,2409713
2011-12-16,124.95,125.57,121.3,121.57,879560800.0,122.944,2450995
2011-12-23,122.06,126.43,120.03,126.39,623019200.0,123.428,1664500
2011-12-30,126.17,126.82,124.73,125.5,317644900.0,125.822,804541
2012-01-06,127.77,128.38,126.43,127.82,497245100.0,127.631,1353770
2012-01-13,128.0,129.7,127.41,129.01,532557900.0,128.732,1494310
2012-01-20,130.09,131.95,129.06,131.95,418536200.0,130.586,1119029
2012-01-27,131.51,133.4,130.6,131.73,614002400.0,131.759,1600908
2012-02-03,130.52,134.62,130.06,134.57,600223300.0,132.302,1550152
2012-02-10,133.99,135.59,133.64,134.43,567899800.0,134.601,1408985
2012-02-17,135.32,136.57,134.25,136.41,655548100.0,135.309,1714758
2012-02-24,136.74,137.2,135.5,136.93,420255400.0,136.465,1129336
2012-03-02,136.03,138.19,135.8,137.32,607199900.0,137.307,1612383
2012-03-09,137.1,137.93,134.36,137.57,586538900.0,136.121,1521439
2012-03-16,137.54,140.78,137.09,140.27,583112800.0,139.518,1522339
2012-03-23,140.23,141.28,138.55,139.69,512939900.0,139.938,1523296
2012-03-30,140.65,141.83,139.09,140.72,543557700.0,140.556,1466647
2012-04-05,140.64,142.21,139.26,139.78,474353000.0,140.617,1343235
2012-04-13,138.02,138.9,135.76,137.13,692262600.0,137.476,1807163
2012-04-20,137.84,139.36,136.58,137.95,639590100.0,138.185,1756050
2012-04-27,136.54,140.79,135.94,140.39,576694400.0,138.407,1573023
2012-05-04,140.1,141.66,136.92,136.96,556522600.0,139.41,1533323
2012-05-11,136.51,137.56,134.49,135.56,732877800.0,136.061,1945392
2012-05-18,134.31,135.03,129.55,129.74,902410200.0,132.658,2397470
2012-05-25,130.16,133.23,129.95,132.1,732835700.0,131.77,2054197
2012-06-01,133.16,135.71,128.16,128.16,618239900.0,131.127,1633280
2012-06-08,128.38,133.53,127.14,133.12,705938000.0,130.507,1917371
2012-06-15,134.17,134.26,131.16,134.1,732870000.0,132.836,1982154
2012-06-22,133.57,136.25,132.33,133.42,685038900.0,134.459,1883748
2012-06-29,132.05,136.27,130.85,136.27,626374200.0,132.822,1653803
2012-07-06,136.48,137.51,134.85,135.59,382031200.0,136.247,1079700
2012-07-13,135.38,136.23,132.6,135.75,559878200.0,134.486,1550177
2012-07-20,135.44,138.18,134.55,136.47,494667600.0,136.577,1421932
2012-07-27,134.47,139.07,133.03,138.8,624130100.0,135.549,1728547
2012-08-03,138.52,139.64,135.58,139.39,559684900.0,138.068,1581701
2012-08-10,139.72,140.92,139.56,140.84,389455500.0,140.354,1054902
2012-08-17,140.59,142.3,140.04,142.22,363029300.0,141.214,974898
2012-08-24,141.98,143.09,140.22,141.52,409390700.0,141.562,1131089
2012-08-31,141.89,142.08,140.19,141.24,381802500.0,141.236,1063707
2012-09-07,141.05,144.39,140.13,144.39,365946900.0,142.358,1015194
2012-09-14,144.19,148.11,143.46,147.24,510309400.0,145.476,1350249
2012-09-21,146.94,147.19,145.63,145.89,398976200.0,146.53,1051703
2012-09-28,145.16,146.24,142.95,143.93,505902400.0,144.405,1281592
2012-10-05,144.52,147.16,143.83,146.13,512407800.0,145.308,1307120
2012-10-12,145.61,145.89,142.58,142.84,495675200.0,144.106,1209352
2012-10-19,143.23,146.52,142.77,143.3,528036600.0,144.899,1301875
2012-10-26,143.15,143.67,140.39,141.35,570693900.0,141.656,1431085
2012-11-02,141.85,143.72,140.68,141.56,271737000.0,142.143,730138
2012-11-09,141.35,143.52,137.55,138.16,693130500.0,140.059,1758627
2012-11-16,138.59,139.25,134.7,136.35,679577800.0,136.763,1764397
2012-11-23,137.9,141.4,137.82,141.33,319776700.0,139.15,904716
2012-11-30,140.65,142.51,139.0,142.06,565221500.0,141.186,1620896
2012-12-07,142.8,142.92,140.37,142.4,489294500.0,141.7,1390482
2012-12-14,142.2,144.55,141.88,142.12,494311500.0,143.096,1347184
2012-12-21,142.47,145.58,141.94,142.77,612019800.0,143.896,1583564
2012-12-28,142.48,142.71,139.87,139.87,371588100.0,141.188,997918
2013-01-04,139.66,146.61,139.54,146.45,556217000.0,144.03,1505425
2013-01-11,145.85,147.15,144.98,147.07,397912500.0,146.107,1079802
2013-01-18,146.89,148.49,146.2,148.33,422402600.0,147.371,1049581
2013-01-25,148.34,150.25,147.98,150.25,341101800.0,149.355,848231
2013-02-01,150.29,151.42,149.51,151.28,448464200.0,150.38,1134691
2013-02-08,150.32,151.89,149.43,151.8,490020800.0,150.751,1196965
2013-02-15,151.75,152.61,151.39,152.17,331596100.0,152.02,832704
2013-02-22,152.37,153.28,149.94,151.89,414449900.0,151.563,992827
2013-03-01,152.63,152.87,148.73,152.11,677135300.0,151.068,1709791
2013-03-08,151.76,155.65,151.52,155.44,406907700.0,154.197,1088826
2013-03-15,155.32,156.8,155.13,155.88,379609100.0,155.853,956183
2013-03-22,154.34,155.95,153.59,155.6,540015700.0,154.931,1395222
2013-03-28,156.01,156.85,154.35,156.55,356561200.0,155.719,953906
2013-04-05,156.59,157.21,153.77,155.18,523095600.0,155.656,1408309
2013-04-12,155.27,159.71,154.75,158.78,443394800.0,157.774,1239343
2013-04-19,158.01,158.13,153.55,155.48,727316800.0,155.629,2024923
2013-04-26,155.78,159.27,154.75,158.26,480165300.0,157.591,1336415
2013-05-03,158.67,161.88,158.1,161.32,454134400.0,159.733,1215204
2013-05-10,161.49,163.7,161.42,163.41,380570000.0,162.695,1066741
2013-05-17,163.2,167.04,162.82,166.97,438502100.0,165.359,1136127
2013-05-24,166.78,169.07,163.94,165.33,638752300.0,166.146,1771099
2013-05-31,167.04,167.78,163.13,163.24,487717500.0,165.709,1342994
2013-06-07,163.83,165.1,160.25,164.81,751868500.0,162.941,2126451
2013-06-14,165.3,165.4,161.3,163.17,595687800.0,163.375,1749477
2013-06-21,164.29,165.99,157.47,159.05,834317100.0,161.919,2444512
2013-06-28,157.42,161.82,155.73,160.01,687233900.0,159.16,2116734
2013-07-05,161.25,163.08,160.22,163.05,372923500.0,161.716,1175597
2013-07-12,163.86,167.85,163.58,167.51,469859500.0,165.638,1397822
2013-07-19,167.97,169.27,167.07,169.23,359241900.0,168.308,1055099
2013-07-26,169.41,169.86,167.52,169.11,391764800.0,168.839,1147858
2013-08-02,168.68,170.96,168.11,170.95,410597700.0,169.483,1230372
2013-08-09,170.57,170.96,168.55,169.3,326389100.0,169.645,997063
2013-08-16,168.46,169.9,165.5,165.87,408530900.0,167.66,1191301
2013-08-23,165.64,166.83,164.19,166.67,414958000.0,165.565,1267384
2013-08-30,166.79,167.3,163.05,163.65,449518700.0,164.416,1349901
2013-09-06,165.26,166.98,163.7,166.04,370370300.0,165.465,1124375
2013-09-13,166.44,169.56,166.44,169.33,353694800.0,168.592,1064182
2013-09-20,171.16,173.6,170.04,170.62,496756300.0,171.762,1401045
2013-09-27,170.5,170.65,168.47,168.95,397783200.0,169.515,1190233
2013-10-04,167.48,169.5,166.84,168.89,519300000.0,168.248,1532806
2013-10-11,167.41,170.32,164.53,170.26,596860600.0,167.325,1843399
2013-10-18,169.21,174.51,169.08,174.39,555199000.0,171.75,1670655
2013-10-25,174.43,175.96,173.96,175.95,391130200.0,174.962,1206249
2013-11-01,175.89,177.51,175.22,176.21,444536100.0,176.315,1400491
2013-11-08,176.69,177.64,174.76,177.29,415379200.0,176.31,1300340
2013-11-15,177.13,180.07,176.09,180.05,343136100.0,178.06,1049610
2013-11-22,180.35,180.83,177.98,180.81,384847000.0,179.523,1186748
2013-11-29,181.13,181.75,180.37,181.0,208754100.0,180.985,606873
2013-12-06,181.09,181.43,178.35,180.94,417438000.0,179.985,1270425
2013-12-13,181.47,181.67,177.76,178.11,394355600.0,179.434,1333549
2013-12-20,178.94,181.99,177.32,181.56,532318300.0,180.249,1679044
2013-12-27,182.27,184.18,182.15,183.84,176020800.0,183.211,625257
2014-01-03,183.86,184.68,182.48,182.88,255302800.0,183.552,897001
2014-01-10,183.47,184.22,182.08,184.14,352861800.0,183.317,1125582
2014-01-17,183.71,184.94,181.34,183.63,378273100.0,183.524,1128500
2014-01-24,184.7,184.77,178.87,178.89,372338400.0,182.039,1164846
2014-01-31,179.06,179.81,176.88,178.18,624181000.0,178.363,2019491
2014-02-07,177.95,179.87,173.71,179.68,684360200.0,176.063,2120098
2014-02-14,179.7,184.36,179.21,184.02,384305000.0,181.932,1175665
2014-02-21,184.19,184.95,182.6,183.89,306077700.0,184.076,942278
2014-02-28,184.28,187.15,184.2,186.29,449850500.0,185.45,1391695
2014-03-07,184.69,188.96,183.75,188.26,492319900.0,186.979,1554934
2014-03-14,187.94,188.71,184.44,184.66,486892300.0,186.394,1519182
2014-03-21,185.59,188.17,185.47,186.2,475834900.0,187.043,1540819
2014-03-28,186.81,187.34,183.9,185.49,488340900.0,185.59,1673395
2014-04-04,186.65,189.7,186.1,186.4,410647800.0,187.88,1377696
2014-04-11,185.9,187.17,181.31,181.51,572921700.0,184.354,1895343
2014-04-17,182.93,186.91,181.44,186.39,393835700.0,184.065,1343042
2014-04-25,186.44,188.4,185.87,186.29,333653300.0,187.306,1123689
2014-05-02,187.05,189.14,184.96,188.06,410877100.0,187.638,1378872
2014-05-09,187.14,189.05,186.01,187.96,363527400.0,187.594,1244046
2014-05-16,188.76,190.42,186.48,188.05,377876400.0,188.388,1206336
2014-05-23,187.69,190.48,187.07,190.35,303175100.0,188.813,957665
2014-05-30,191.05,192.8,190.95,192.68,210015800.0,191.812,617317
2014-06-06,192.95,195.43,191.97,195.38,257211800.0,193.571,785740
2014-06-13,195.35,196.05,193.11,194.13,265564500.0,194.594,757857
2014-06-20,193.89,196.6,193.66,195.94,316015500.0,195.284,874731
2014-06-27,195.97,196.5,194.13,195.82,313287500.0,195.34,839983
2014-07-03,195.7,198.29,195.53,198.2,204672900.0,196.93,591516
2014-07-11,197.82,197.98,195.06,196.61,314365200.0,196.509,935239
2014-07-18,197.61,198.26,195.43,197.71,383854800.0,197.229,1039663
2014-07-25,197.09,199.06,196.43,197.72,256737000.0,198.016,765629
2014-08-01,197.76,198.45,191.57,192.5,489531700.0,195.053,1494632
2014-08-08,192.87,194.3,190.55,193.24,461067700.0,192.28,1467236
2014-08-15,193.97,196.65,192.94,195.72,336078200.0,194.735,1075946
2014-08-22,196.8,199.76,196.69,199.19,264706900.0,198.555,814347
2014-08-29,200.14,200.82,199.39,200.71,205379700.0,200.254,625115
2014-09-05,200.97,201.58,199.41,201.11,229601400.0,200.575,719239
2014-09-12,200.92,201.21,198.56,199.13,315132100.0,199.742,957982
2014-09-19,199.16,201.85,198.38,200.7,390010100.0,200.528,1206181
2014-09-26,200.35,200.38,196.32,197.9,456355500.0,198.135,1338780
2014-10-03,196.2,198.3,192.35,196.52,546604500.0,195.673,1722463
2014-10-10,197.34,197.6,190.51,190.54,704487700.0,194.075,2347921
2014-10-17,190.46,191.15,181.92,188.47,1045003700.0,187.042,3653467
2014-10-24,188.13,196.49,188.07,196.43,558278200.0,193.524,1870977
2014-10-31,195.73,201.82,195.03,201.66,471469500.0,198.461,1580461
2014-11-07,201.92,203.6,200.06,203.34,356649700.0,202.067,1205994
2014-11-14,203.38,204.83,203.13,204.24,278486200.0,203.949,906392
2014-11-21,203.85,207.72,203.65,206.68,322903500.0,205.438,1018489
2014-11-28,207.17,207.87,206.8,207.2,184397400.0,207.294,590146
2014-12-05,206.39,208.47,205.38,208.0,333270200.0,207.102,1036263
2014-12-12,207.52,208.12,200.85,200.89,578024500.0,204.508,1830080
2014-12-19,201.98,212.97,197.86,206.52,862178700.0,202.308,2785788
2014-12-26,206.74,208.85,206.46,208.44,233692100.0,207.703,772169
2015-01-02,208.22,208.97,204.18,205.43,291839000.0,206.928,1020512
2015-01-09,204.17,206.42,198.85,204.25,631425300.0,202.801,2160021
2015-01-16,204.41,205.48,198.55,201.63,678467700.0,201.181,2362960
2015-01-23,202.4,206.26,200.17,204.97,416639000.0,203.538,1418474
2015-01-30,204.71,205.56,198.68,199.45,576331300.0,201.828,2178213
2015-02-06,200.06,207.24,197.86,205.55,515200500.0,203.633,1808113
2015-02-13,204.77,209.84,204.13,209.78,356591300.0,207.145,1289409
2015-02-20,209.4,211.33,208.73,211.24,290352100.0,209.972,946356
2015-02-27,210.95,212.24,210.48,210.66,297317300.0,211.296,963874
2015-03-06,210.78,212.06,207.1,207.5,409893400.0,209.98,1267093
2015-03-13,207.74,208.79,204.4,205.83,452433200.0,206.043,1473104
2015-03-20,206.71,211.27,206.62,210.41,521087000.0,209.086,1681318
2015-03-27,210.42,211.11,204.12,205.74,433839800.0,207.039,1418660
2015-04-02,206.98,208.61,204.51,206.44,337045600.0,206.627,1108214
2015-04-10,205.37,210.09,205.21,210.04,327236300.0,208.206,1157461
2015-04-17,209.87,211.04,207.01,207.95,360168600.0,209.296,1212130
2015-04-24,209.06,211.97,208.9,211.65,296456400.0,210.51,1064022
2015-05-01,212.33,212.48,207.62,210.72,421818600.0,210.187,1530145
2015-05-08,211.23,212.02,206.76,211.62,408142500.0,209.752,1514530
2015-05-15,211.57,212.61,208.62,212.44,331013200.0,210.92,1224563
2015-05-22,212.24,213.78,212.16,212.99,259981900.0,213.098,888369
2015-05-29,212.4,212.98,210.2,211.14,304370700.0,211.643,1056206
2015-06-05,211.94,212.67,208.98,209.77,412124666.0,210.956,1430982
2015-06-12,209.64,212.09,207.69,210.01,392744823.0,209.997,1319719
2015-06-19,208.64,213.34,207.79,210.5,439385239.0,210.682,1508238
2015-06-26,211.9,212.59,209.16,209.82,312819719.0,211.001,1087066
2015-07-02,208.04,208.82,205.28,207.31,435830113.0,206.907,1469074
2015-07-10,205.77,208.17,204.11,207.48,577202908.0,206.196,2062193
2015-07-17,208.99,212.55,208.94,212.48,351398715.0,210.913,1130263
2015-07-24,212.75,213.18,207.6,208.0,351114598.0,210.806,1141548
2015-07-31,206.94,211.45,206.26,210.5,432908249.0,209.151,1405850
2015-08-07,210.46,211.31,206.87,207.95,403254476.0,209.069,1386587
2015-08-14,209.28,210.67,205.36,209.42,426587688.0,208.48,1394496
2015-08-21,208.71,210.68,197.53,197.83,664647940.0,204.855,2238463
2015-08-28,187.33,199.84,182.4,199.28,1222157983.0,193.459,5004034
2015-09-04,198.11,199.13,190.73,192.59,642227763.0,194.558,2356509
2015-09-11,195.94,199.47,194.25,196.74,405415541.0,196.156,1440643
2015-09-18,196.97,202.89,194.96,195.45,550989095.0,198.446,1876289
2015-09-25,196.44,197.68,190.56,192.85,515306164.0,193.642,1920908
2015-10-02,191.78,195.0,186.93,195.0,660070544.0,190.324,2409166
2015-10-09,196.46,201.9,196.33,201.33,504838769.0,199.071,1745846
2015-10-16,201.42,203.29,198.94,203.27,372226776.0,201.151,1320221
2015-10-23,202.5,207.95,201.65,207.51,429849815.0,204.42,1447236
2015-10-30,207.3,209.44,205.79,207.93,384982622.0,207.775,1285608
2015-11-06,208.32,211.66,208.17,210.04,366143091.0,210.03,1277655
2015-11-13,209.31,209.49,202.43,202.54,431905972.0,206.278,1516602
2015-11-20,202.32,210.12,202.18,209.31,414605720.0,206.81,1498666
2015-11-27,209.38,209.98,207.41,209.56,206804390.0,209.168,764141
2015-12-04,209.75,211.0,204.75,209.62,511770066.0,208.534,1779793
2015-12-11,209.22,209.25,201.51,201.88,536474419.0,205.54,2015705
2015-12-18,202.07,208.48,199.95,200.02,702199191.0,204.061,2729991
2015-12-24,201.43,206.33,200.09,205.68,277341985.0,203.39,1051330
2015-12-31,204.86,207.79,203.87,203.87,238290432.0,205.783,973242
2016-01-08,200.5,201.9,191.58,191.93,692463709.0,197.247,2627913
2016-01-15,193.01,194.86,185.52,187.81,900653042.0,190.423,3431176
2016-01-22,189.96,190.76,181.02,190.52,684436307.0,186.791,2697093
2016-01-29,189.93,193.75,187.06,193.72,636011835.0,189.923,2443355
2016-02-05,192.53,194.58,187.1,187.95,671823219.0,190.405,2746060
2016-02-12,185.77,188.34,181.09,186.63,725037272.0,184.653,3023562
2016-02-19,188.77,193.32,187.63,192.0,362889453.0,191.364,1548929
2016-02-26,193.88,196.68,189.32,195.09,462220987.0,193.549,1881779
2016-03-04,195.1,201.35,193.44,200.43,434631780.0,197.71,1828474
2016-03-11,199.34,202.81,197.38,202.76,454254703.0,199.862,1896679
2016-03-18,202.16,205.23,201.05,204.38,406712018.0,203.246,1642949
2016-03-24,204.07,205.23,201.74,203.12,257950537.0,203.801,1061872
2016-04-01,203.61,207.14,202.4,206.92,346425472.0,205.181,1428003
2016-04-08,206.83,207.07,203.09,204.5,353810905.0,204.94,1457556
2016-04-15,205.25,208.6,203.7,207.78,328188651.0,206.569,1321607
2016-04-22,207.13,210.92,207.0,208.97,303621131.0,209.301,1207164
2016-04-29,208.26,209.81,205.03,206.33,345582088.0,207.803,1395837
2016-05-06,206.92,208.18,203.88,205.72,333036228.0,205.618,1359235
2016-05-13,205.57,208.54,204.38,204.76,328090410.0,206.542,1295513
2016-05-20,204.96,207.34,202.78,205.49,422679919.0,205.032,1680117
2016-05-27,205.5,210.24,204.98,210.24,260732477.0,208.308,1066172
2016-06-03,210.55,210.91,208.86,210.28,260189997.0,209.951,1055588
2016-06-10,210.69,212.52,209.43,210.07,288944246.0,211.297,1161083
2016-06-17,209.36,210.37,205.59,206.52,465312828.0,207.781,1891643
2016-06-24,208.82,210.85,202.72,203.13,517221792.0,206.969,2220480
2016-07-01,201.59,210.49,198.65,209.92,610525120.0,204.277,2483474
2016-07-08,208.96,212.94,207.06,212.65,323327420.0,209.708,1306935
2016-07-15,213.19,216.82,212.95,215.83,320037016.0,215.155,1205741
2016-07-22,215.97,217.37,215.63,217.24,218129178.0,216.549,849222
2016-07-29,217.0,217.54,215.62,217.12,277604250.0,216.572,1032607
2016-08-05,217.19,218.23,214.25,218.18,260936777.0,216.423,1019825
2016-08-12,218.4,218.94,217.23,218.46,211644670.0,218.224,801561
2016-08-19,218.9,219.5,217.02,218.54,240795356.0,218.405,910837
2016-08-26,218.27,219.6,216.25,217.29,291363681.0,218.071,1087018
2016-09-02,217.44,218.87,216.03,218.37,288348652.0,217.666,1109940
2016-09-09,218.7,219.22,213.25,213.28,302203352.0,216.767,1080961
2016-09-16,212.39,216.81,212.31,213.37,560999276.0,213.98,2085082
2016-09-23,214.13,217.53,213.03,215.99,317627930.0,215.2,1222637
2016-09-30,215.02,217.12,213.62,216.3,376272760.0,215.477,1399272
2016-10-07,215.82,216.3,213.99,215.04,322634839.0,215.355,1190902
2016-10-14,216.15,216.7,211.21,213.12,349321473.0,213.718,1315052
2016-10-21,213.09,214.64,212.17,213.98,263936250.0,213.654,944709
2016-10-28,214.96,215.32,211.71,212.54,331420566.0,213.622,1200004
2016-11-04,212.93,213.19,208.38,208.55,374221901.0,210.361,1450253
2016-11-11,211.45,218.31,211.3,216.42,592148371.0,215.073,2288627
2016-11-18,217.03,219.27,215.72,218.5,294362330.0,217.673,1162101
2016-11-25,219.17,221.55,219.0,221.52,170679026.0,220.282,655678
2016-12-02,221.17,221.82,219.15,219.68,290759359.0,220.474,1130821
2016-12-09,220.65,226.51,220.42,226.51,305832747.0,223.524,1167517
2016-12-16,226.4,228.34,224.67,225.04,386413442.0,226.612,1464616
2016-12-23,225.25,226.57,224.92,225.71,183961144.0,225.736,711929
2016-12-30,226.02,226.73,222.73,223.53,205571617.0,224.74,779074
2017-01-06,225.04,227.75,223.88,227.21,216428047.0,226.01,847959
2017-01-13,226.91,227.45,224.95,227.05,242131874.0,226.523,931842
2017-01-20,226.31,227.31,225.41,226.74,202863872.0,226.429,788580
2017-01-27,226.35,229.71,225.27,228.97,229731894.0,228.078,869985
2017-02-03,228.17,229.55,226.32,229.34,281767007.0,227.671,1027879
2017-02-10,228.87,231.77,228.31,231.51,202222100.0,229.85,729894
2017-02-17,232.08,235.16,232.05,235.09,269781908.0,233.895,948374
2017-02-24,235.52,236.9,235.41,236.74,212511585.0,236.228,780217
2017-03-03,236.63,240.32,236.01,238.42,280867756.0,238.176,1031636
2017-03-10,237.5,238.12,235.74,237.69,248450602.0,237.146,883508
2017-03-17,237.62,239.44,236.19,237.03,255031294.0,237.855,917279
2017-03-24,237.03,237.61,232.96,233.86,369590999.0,234.635,1324952
2017-03-31,231.93,236.52,231.61,235.74,260616930.0,234.844,928299
2017-04-07,235.8,237.39,233.91,235.2,293444919.0,235.492,1070069
2017-04-13,235.36,236.26,232.51,232.51,229208326.0,234.338,889105
2017-04-21,233.11,235.85,232.88,234.59,272905733.0,234.363,1018703
2017-04-28,237.18,239.53,236.61,238.08,268527016.0,238.163,948051
2017-05-05,238.69,239.72,237.7,239.7,215511237.0,238.658,813536
2017-05-12,239.76,240.19,238.13,238.98,186754091.0,239.321,708415
2017-05-19,239.47,240.67,235.43,238.31,350487864.0,237.924,1305237
2017-05-26,238.9,242.08,238.82,241.71,187108513.0,240.592,699234
2017-06-02,241.33,244.35,240.64,244.17,188779405.0,242.298,682975
2017-06-09,243.98,245.01,241.95,243.41,254394041.0,243.665,934094
2017-06-16,243.14,244.87,241.63,242.64,256175378.0,243.333,1054154
2017-06-23,243.59,244.73,242.41,243.13,203244315.0,243.418,767626
2017-06-30,243.89,244.38,239.95,241.8,292236504.0,242.433,1114449
2017-07-07,242.91,243.38,240.34,242.11,157564186.0,241.973,599441
2017-07-14,241.95,245.97,240.85,245.56,178365379.0,243.594,668488
2017-07-21,245.47,247.42,244.67,246.88,157547255.0,246.291,619630
2017-07-28,246.79,248.0,245.68,246.91,191864572.0,247.028,725472
2017-08-04,247.37,247.79,246.37,247.41,174948416.0,247.114,657316
2017-08-11,247.49,248.91,243.7,244.12,258608379.0,245.83,989006
2017-08-18,245.59,247.57,242.2,242.71,305184582.0,245.102,1187941
2017-08-25,242.64,245.62,241.83,244.56,216349264.0,244.268,834518
2017-09-01,245.13,248.33,242.93,247.84,197699047.0,246.13,748819
2017-09-08,247.24,247.52,244.95,246.58,189112708.0,246.54,733653
2017-09-15,248.04,250.32,248.02,249.19,204969970.0,249.483,751666
2017-09-22,249.61,250.19,248.92,249.44,159810782.0,249.661,599906
2017-09-29,249.14,251.32,248.08,251.23,198062978.0,249.779,705765
2017-10-06,251.49,254.68,251.29,254.37,187641379.0,253.272,663340
2017-10-13,254.63,255.27,253.65,254.95,142288171.0,254.637,534585
2017-10-20,255.21,257.14,254.35,257.11,156709342.0,255.703,595208
2017-10-27,257.48,257.89,254.0,257.71,240685618.0,256.162,897884
2017-11-03,257.07,258.5,256.19,258.45,193732683.0,257.429,755193
2017-11-10,258.29,259.35,256.36,258.09,206124153.0,258.157,778660
2017-11-17,257.32,259.04,255.63,257.86,228889875.0,257.689,831520
2017-11-24,258.14,260.48,257.86,260.36,115589769.0,259.531,463577
2017-12-01,260.41,266.05,260.0,264.46,351456373.0,263.195,1336417
2017-12-08,266.31,266.8,262.71,265.51,247991120.0,264.482,979333
2017-12-15,265.57,267.56,265.39,266.51,250190174.0,266.581,919564
2017-12-22,268.08,268.6,266.69,267.51,206465312.0,267.691,805480
2017-12-29,267.06,268.55,266.64,266.86,124922044.0,267.411,504835
2018-01-05,267.84,273.56,267.4,273.42,197233763.0,270.635,702220
2018-01-12,273.31,278.11,272.92,277.92,209058873.0,275.246,758521
2018-01-19,279.35,280.41,276.18,280.41,244765438.0,279.002,873199
2018-01-26,280.17,286.58,280.11,286.58,287336421.0,283.445,1030018
2018-02-02,285.97,286.43,275.41,275.45,411759089.0,281.169,1493540
2018-02-09,273.47,275.85,252.92,261.5,914828055.0,264.888,4049191
2018-02-16,263.87,275.32,261.88,273.11,392482727.0,268.467,1823584
2018-02-23,272.03,274.72,269.64,274.71,245012841.0,272.237,1124112
2018-03-02,275.93,278.92,264.82,269.08,433229747.0,271.777,1679103
2018-03-09,267.73,278.87,267.61,278.87,292438011.0,273.174,1180896
2018-03-16,279.2,280.41,274.16,274.2,266045541.0,276.533,1099528
2018-03-23,273.33,273.38,257.83,258.05,398446305.0,266.913,1656128
2018-03-29,262.13,266.77,258.58,263.15,379345827.0,262.307,1513305
2018-04-06,262.56,266.64,254.67,259.72,499444247.0,260.355,1850892
2018-04-13,261.38,267.54,260.54,265.15,337253460.0,264.632,1276270
2018-04-20,267.0,271.3,265.61,266.61,245195690.0,268.57,963822
2018-04-27,267.26,267.98,260.85,266.56,300885786.0,264.786,1153238
2018-05-03,261.48,266.79,261.15,266.02,60146866.0,265.025,248226
2018-05-11,266.9,273.15,265.15,272.85,223763603.0,269.129,897357
2018-05-18,273.34,274.08,270.03,271.33,215315047.0,271.81,827904
2018-05-25,272.97,274.25,270.78,272.15,209742926.0,272.624,847081
2018-06-01,270.31,273.94,267.76,273.6,243602942.0,271.128,1020638
2018-06-08,274.52,278.28,274.18,278.19,208570034.0,276.354,881199
2018-06-15,278.44,279.48,275.35,277.13,237546683.0,278.242,952556
2018-06-22,275.49,276.72,273.53,274.74,224114155.0,275.222,1000572
2018-06-29,273.44,273.87,268.49,271.28,351023356.0,271.251,1523623
2018-07-06,269.51,275.84,269.24,275.42,166622301.0,272.459,752830
2018-07-13,276.55,279.93,276.5,279.59,206833520.0,278.248,890160
2018-07-20,279.64,281.18,278.41,279.68,187992971.0,280.048,791551
2018-07-27,279.45,284.37,279.06,281.42,227758266.0,281.961,980307
2018-08-03,281.49,283.65,279.16,283.6,213211982.0,281.32,926707
2018-08-10,283.56,286.01,282.36,283.16,172385396.0,284.617,692409
2018-08-17,283.47,285.57,280.16,285.06,250379081.0,282.997,1099268
2018-08-24,285.57,287.67,285.06,287.51,184877651.0,286.44,771679
2018-08-31,288.86,291.74,288.68,290.31,195120966.0,290.266,842325
2018-09-07,289.84,290.21,286.71,287.6,195135123.0,288.448,895007
2018-09-14,288.76,291.27,286.97,290.88,190461860.0,289.491,877856
2018-09-21,290.82,293.94,289.03,291.99,216358601.0,291.683,955961
2018-09-28,291.34,292.24,289.41,290.72,212723490.0,290.871,933281
2018-10-05,292.13,293.21,286.22,287.82,288922577.0,290.136,1299046
2018-10-12,287.04,288.86,270.36,275.95,607200682.0,279.321,3109345
2018-10-19,275.55,281.15,274.3,276.25,424995603.0,277.661,2235917
2018-10-26,277.0,277.36,262.29,265.33,565200774.0,269.45,3098561
2018-11-02,268.78,275.23,259.85,271.89,504519295.0,268.96,2604196
2018-11-09,272.44,281.22,271.35,277.76,284358938.0,277.268,1342551
2018-11-16,277.15,277.46,267.01,273.73,433917708.0,272.249,2126012
2018-11-23,273.05,273.38,263.07,263.25,261848491.0,266.514,1280143
2018-11-30,265.78,276.28,265.34,275.65,332833921.0,271.205,1503126
2018-12-07,280.26,280.4,262.44,263.57,503470508.0,269.968,2511675
2018-12-14,263.37,269.0,258.62,260.47,476832468.0,264.032,2421491
2018-12-21,259.43,260.65,239.98,240.7,774823515.0,251.081,3912794
2018-12-28,239.03,251.4,233.76,247.75,516414155.0,242.028,2592801
2019-01-04,249.56,253.11,243.67,252.39,386461377.0,248.673,1841319
2019-01-11,252.69,259.16,251.69,258.98,338597606.0,256.698,1514238
2019-01-18,256.86,266.98,256.41,266.46,303518658.0,261.697,1310323
2019-01-25,264.82,266.7,260.66,265.78,272033751.0,263.682,1227047
2019-02-01,263.39,271.2,261.79,270.06,308001399.0,266.767,1344566
2019-02-08,270.11,273.44,267.83,270.47,269213831.0,270.794,1195918
2019-02-15,271.2,277.41,270.03,277.37,273646589.0,274.331,1164463
2019-02-22,276.49,279.36,276.34,279.14,202691208.0,278.012,815971
2019-03-01,280.73,281.31,277.48,280.42,240404985.0,279.569,976958
2019-03-08,281.6,281.87,272.42,274.46,306948993.0,276.731,1349445
2019-03-15,275.26,282.38,275.23,281.31,239368073.0,280.207,1047836
2019-03-22,281.55,285.18,279.18,279.25,336652663.0,282.187,1587282
2019-03-29,278.88,282.84,277.64,282.48,263449100.0,280.286,1274479
2019-04-05,284.71,288.63,284.4,288.57,210430624.0,286.558,964276
2019-04-12,288.1,290.47,286.7,290.16,196341714.0,288.282,779169
2019-04-18,290.24,291.43,288.66,290.02,145847485.0,289.894,599618
2019-04-26,289.17,293.49,289.07,293.41,168533486.0,291.928,723823
2019-05-03,293.51,294.95,289.52,294.03,216907398.0,292.996,968203
2019-05-10,289.25,293.31,282.3,288.1,398053485.0,287.5,1884238
2019-05-17,282.42,289.21,279.93,285.84,328125570.0,284.397,1577166
2019-05-24,284.06,286.93,280.57,282.78,233297238.0,283.822,1128790
2019-05-31,283.09,284.15,275.24,275.27,238253209.0,278.557,1093916
2019-06-07,275.31,288.85,273.09,287.65,293686138.0,280.798,1322679
2019-06-14,289.36,291.4,287.81,289.26,192943396.0,289.232,860061
2019-06-21,289.52,296.31,289.18,294.0,254386135.0,293.312,1090552
2019-06-28,294.23,294.58,290.34,293.0,185025379.0,292.241,792374
2019-07-05,296.68,298.82,294.33,298.46,157586194.0,296.396,652280
2019-07-12,297.01,300.73,295.48,300.65,167589835.0,298.353,681155
2019-07-19,301.13,301.13,296.7,297.17,164612197.0,298.999,682776
2019-07-26,297.61,302.23,297.04,302.01,154090390.0,299.823,655930
2019-08-02,301.88,301.93,290.9,292.62,335726298.0,296.907,1595858
2019-08-09,288.09,293.56,281.72,291.62,432761330.0,287.374,2013206
2019-08-16,289.96,294.15,282.39,288.85,348856186.0,287.596,1642083
2019-08-23,292.18,293.93,283.47,284.85,250558101.0,290.134,1189823
2019-08-30,287.27,294.24,285.25,292.45,225981586.0,289.43,1071082
2019-09-06,290.57,298.83,289.27,298.05,177830180.0,295.067,806233
2019-09-13,299.15,302.46,295.97,301.09,207793178.0,299.579,937498
2019-09-20,299.84,302.63,297.41,298.28,214774934.0,300.122,1036088
2019-09-27,297.55,299.84,293.69,295.4,257103887.0,296.584,1288735
2019-10-04,295.96,298.46,284.82,294.35,302704582.0,291.355,1538324
2019-10-11,293.47,298.74,288.49,296.28,271311222.0,293.27,1389725
2019-10-18,295.92,300.24,295.57,297.97,170354059.0,298.352,849248
2019-10-25,299.42,302.2,298.49,301.6,140446627.0,300.23,683085
2019-11-01,302.94,306.19,301.73,306.14,194935047.0,303.725,925078
2019-11-08,307.85,309.46,306.06,308.94,162466425.0,307.695,758762
2019-11-15,307.42,311.83,307.27,311.79,157890983.0,309.342,686032
2019-11-22,311.53,312.69,309.06,310.96,186152610.0,311.018,831284
2019-11-29,311.98,315.47,311.98,314.31,97170322.0,313.97,435210
2019-12-06,314.59,315.31,307.13,314.87,198033282.0,311.312,932531
2019-12-13,314.42,318.67,312.81,317.32,213600055.0,315.902,1024398
2019-12-20,319.18,321.45,319.17,320.73,185628369.0,320.269,777163
2019-12-27,321.59,323.8,320.9,322.86,83321682.0,322.074,370157
2020-01-03,322.96,324.85,320.15,322.41,154069060.0,322.347,712104
2020-01-10,320.49,327.46,320.36,325.71,173985556.0,324.538,818401
2020-01-17,326.4,332.18,325.92,331.95,186817779.0,328.956,864231
2020-01-24,330.9,332.95,327.36,328.77,169019987.0,330.671,794554
2020-01-31,323.03,328.63,320.73,321.73,285632805.0,324.902,1393794
2020-02-07,323.35,334.19,323.22,332.2,200893666.0,330.002,985581
2020-02-14,331.23,338.12,331.19,337.6,171733780.0,336.173,798834
2020-02-21,336.52,339.08,332.58,333.48,195484117.0,335.675,928202
2020-02-28,323.14,325.85,285.54,296.26,855523633.0,306.868,4803573
2020-03-06,298.2,313.84,290.23,297.46,774680593.0,302.259,4462840
2020-03-13,275.29,288.51,247.68,269.32,1051458065.0,268.299,6247444
2020-03-20,241.18,256.9,228.02,228.8,1012344601.0,241.761,5434500
2020-03-27,228.19,262.8,218.26,253.42,869660792.0,243.604,4522403
2020-04-03,255.7,263.33,243.9,248.19,562675757.0,252.737,3048782
2020-04-09,257.84,281.2,256.72,278.2,517828454.0,270.56,2522701
2020-04-17,277.15,287.3,271.41,286.64,441596952.0,279.464,2153830
2020-04-24,282.61,286.29,272.02,282.97,375545466.0,279.539,1902265
2020-05-01,285.09,294.88,281.52,282.79,395329060.0,288.369,1832207
2020-05-08,280.74,292.95,279.13,292.44,285127815.0,286.935,1347592
2020-05-15,290.34,294.24,272.99,286.28,398427193.0,285.051,1883860
2020-05-22,293.05,297.87,291.95,295.44,305547596.0,295.265,1458393
2020-05-29,301.93,306.84,296.87,304.32,285345668.0,302.095,1350716
2020-06-05,303.61,321.28,303.06,319.34,305034521.0,312.201,1395219
2020-06-12,320.22,323.41,298.6,304.21,483292299.0,310.531,2399475
2020-06-19,298.02,315.64,296.74,308.64,402759122.0,309.749,1925026
2020-06-26,307.99,314.5,299.42,300.05,361767586.0,305.855,1702875
2020-07-02,301.42,315.7,298.93,312.23,231859479.0,308.264,1086366
2020-07-10,316.37,317.88,310.68,317.59,252301523.0,315.13,1140217
2020-07-17,320.13,323.04,312.0,321.72,286624208.0,319.312,1424826
2020-07-24,321.43,327.23,319.24,320.88,224720226.0,323.837,1140946
2020-07-31,321.63,326.61,319.64,326.52,202031210.0,323.18,1035805
2020-08-07,328.32,334.88,327.73,334.57,166283451.0,331.419,838656
2020-08-14,335.06,338.28,332.01,336.84,175429245.0,336.204,894489
2020-08-21,337.93,339.72,335.22,339.48,156516924.0,338.196,738039
2020-08-28,342.12,350.72,341.06,350.58,168611891.0,346.278,835301
2020-09-04,350.35,358.75,334.87,342.57,335723658.0,347.8,1707931
2020-09-11,336.71,342.53,331.0,334.06,268238446.0,336.755,1358523
2020-09-18,337.49,343.06,327.97,330.65,260151640.0,336.892,1292199
2020-09-25,325.7,331.2,319.8,328.73,289299907.0,325.375,1488461
2020-10-02,333.22,338.74,331.19,333.84,261288364.0,334.897,1301747
2020-10-09,336.06,347.35,334.38,346.85,212478070.0,340.704,1074388
2020-10-16,349.57,354.02,343.13,347.29,219473679.0,349.437,1101801
2020-10-23,348.65,349.33,340.65,345.78,218031929.0,344.133,1172251
2020-10-30,342.13,342.98,322.6,326.54,348821420.0,331.359,1848684
2020-11-06,330.2,352.19,327.24,350.16,313591516.0,341.974,1753110
2020-11-13,363.97,364.38,350.51,358.1,292127563.0,356.674,1662837
2020-11-20,360.98,362.59,354.15,355.33,210195994.0,359.061,1082018
2020-11-27,357.28,364.18,354.86,363.67,128648472.0,360.866,643997
2020-12-04,362.83,369.85,359.17,369.85,201123775.0,365.625,1015006
2020-12-11,368.4,371.05,363.26,366.3,177218164.0,367.537,917491
2020-12-18,368.62,372.46,364.47,369.18,194721685.0,368.953,1013672
2020-12-24,364.97,373.0,362.03,369.0,138034873.0,367.078,741344
2020-12-31,371.75,374.66,370.83,373.88,128496105.0,372.354,610943
2021-01-08,375.31,381.49,364.82,381.26,283021261.0,373.948,1398162
2021-01-15,377.87,381.13,373.7,375.7,184077829.0,378.399,966870
2021-01-22,378.34,384.95,376.75,382.88,125178627.0,382.226,623466
2021-01-29,383.67,385.85,368.27,370.07,308881041.0,377.41,1616219
2021-02-05,373.72,388.47,371.42,387.71,182367102.0,381.595,908363
2021-02-12,389.27,392.9,387.5,392.64,153621525.0,390.21,775353
2021-02-19,393.97,394.17,387.74,390.03,158618190.0,391.082,773980
2021-02-26,387.06,392.23,378.25,380.36,407939019.0,385.37,2277837
2021-03-05,385.59,390.92,371.88,383.63,470617113.0,382.397,2754084
2021-03-12,384.66,395.65,381.42,394.06,352351254.0,389.26,2081151
2021-03-19,394.33,398.12,387.15,389.48,310648702.0,393.879,1789019
2021-03-26,390.03,396.41,383.9,395.98,333986877.0,390.488,1860848
2021-04-01,394.4,400.67,392.81,400.61,240889141.0,396.248,1314758
2021-04-09,403.46,411.67,403.38,411.49,221837935.0,407.169,1092350
2021-04-16,410.84,417.91,410.2,417.26,223566326.0,413.669,1139230
2021-04-23,416.24,418.25,410.59,416.74,277046191.0,414.263,1478822
2021-04-30,417.44,420.72,416.3,417.3,219638464.0,417.895,1212156
2021-05-07,419.43,422.82,411.67,422.12,268396106.0,417.067,1544375
2021-05-14,422.5,422.74,404.0,416.58,393274275.0,412.793,2246851
2021-05-21,415.39,418.2,405.33,414.94,283140829.0,413.094,1699624
2021-05-28,417.34,421.25,417.08,420.04,192450228.0,419.487,1133322
2021-06-04,422.57,422.92,416.28,422.6,147776884.0,420.201,882630
2021-06-11,422.59,424.63,420.32,424.31,158367238.0,422.715,906826
2021-06-18,424.43,425.46,414.7,414.92,226625130.0,421.155,1307131
2021-06-25,416.8,427.1,415.93,426.61,191973705.0,423.026,1088738
2021-07-02,427.17,434.1,425.89,433.72,170149904.0,429.311,897911
2021-07-09,433.78,435.84,427.52,435.52,214970268.0,432.21,1160890
2021-07-16,435.42,437.92,430.92,431.34,213313823.0,435.212,1173170
2021-07-23,426.19,440.3,421.97,439.94,299736064.0,430.112,1684926
2021-07-30,439.34,441.8,435.99,438.51,195888076.0,439.178,1127380
2021-08-06,440.34,442.94,436.1,442.49,180225768.0,440.026,1026723
2021-08-13,442.46,445.93,441.31,445.92,138860698.0,443.545,741739
2021-08-20,444.54,447.11,436.12,443.36,294781950.0,442.122,1637527
2021-08-27,445.16,450.65,445.14,450.25,184723182.0,448.204,998101
2021-09-03,450.99,454.05,450.71,453.08,168803804.0,452.42,919497
2021-09-10,452.71,452.81,445.31,445.44,181642976.0,449.747,1001873
2021-09-17,448.65,448.92,441.02,441.4,290861694.0,444.999,1667797
2021-09-24,434.88,444.89,428.86,443.91,363414457.0,437.221,2113767
2021-10-01,442.81,444.05,427.23,434.24,385074174.0,434.584,2203161
2021-10-08,433.0,441.68,426.36,437.86,348074647.0,433.461,1981596
2021-10-15,437.16,446.26,431.54,445.87,238174961.0,438.25,1305624
2021-10-22,443.97,454.67,443.27,453.12,179472384.0,450.66,1018618
2021-10-29,454.28,459.56,452.39,459.25,186472376.0,456.662,1080085
2021-11-05,460.3,470.65,458.2,468.53,177996104.0,464.174,1021322
2021-11-12,469.7,470.23,462.04,467.27,174072152.0,466.225,1025929
2021-11-19,468.64,470.94,466.23,468.89,158595303.0,468.661,924808
2021-11-26,470.81,473.54,457.77,458.97,218450522.0,465.881,1308039
2021-12-02,459.17,460.3,448.92,453.42,98907408.0,452.505,601373
2021-12-10,456.14,470.9,453.56,470.74,262283194.0,465.627,1579951
2021-12-17,470.19,472.87,458.06,459.87,338401996.0,465.024,2039924
2021-12-23,454.48,472.19,451.14,470.6,191620782.0,460.855,1120913
2021-12-31,472.03,479.0,472.01,474.96,165711688.0,476.622,985592
2022-01-07,476.32,479.98,464.65,466.09,269507111.0,472.238,1636653
2022-01-14,462.7,473.2,456.59,464.72,315273927.0,465.077,1871406
2022-01-21,459.73,459.96,437.98,437.98,362626672.0,450.868,2179817
2022-01-28,432.03,444.04,420.76,441.95,626897941.0,433.714,3889980
2022-02-04,441.24,458.12,439.81,448.7,389350675.0,449.999,2492379
2022-02-11,449.51,457.88,438.94,440.46,385205642.0,449.629,2421363
2022-02-18,439.92,448.06,431.82,434.23,361860987.0,440.145,2230498
2022-02-25,431.89,437.84,410.64,437.75,408706405.0,426.546,2573956
2022-03-04,432.02,441.11,427.11,432.17,438095639.0,433.817,2718294
2022-03-11,431.55,431.84,415.12,420.07,414021154.0,423.298,2540811
2022-03-18,420.89,444.86,415.79,444.52,360786155.0,430.192,2143810
2022-03-25,444.34,452.98,440.68,452.69,260541692.0,447.28,1524475
2022-04-01,452.06,462.07,449.14,452.92,278922206.0,455.857,1589721
2022-04-08,453.13,457.83,443.47,447.57,284591303.0,449.395,1583726
2022-04-14,444.11,445.75,436.65,437.79,231152293.0,441.199,1314452
2022-04-22,436.81,450.01,425.44,426.04,305458285.0,438.962,1731429
2022-04-29,423.66,429.64,411.21,412.0,419431396.0,420.761,2337107
2022-05-06,412.07,429.66,405.02,411.34,523825582.0,414.57,3072046
2022-05-13,405.1,406.41,385.15,401.72,458693633.0,397.854,2743892
2022-05-20,399.98,408.57,380.54,389.63,344756996.0,394.707,1882878
2022-05-27,392.83,415.39,386.96,415.26,295519426.0,399.529,1603938
2022-06-03,413.55,417.44,406.93,410.54,230898836.0,412.123,1264654
2022-06-10,414.78,416.61,389.75,389.8,271942891.0,405.161,1556033
2022-06-17,379.85,383.9,362.17,365.86,417048749.0,372.989,2425665
2022-06-24,371.88,390.08,370.18,390.08,228019896.0,378.639,1262001
2022-07-01,391.05,393.16,372.56,381.24,285832598.0,381.409,1563217
2022-07-08,375.85,390.64,372.9,388.67,200949067.0,383.461,1098142
2022-07-15,385.85,386.87,371.04,385.13,243255704.0,380.541,1373376
2022-07-22,388.38,400.16,380.66,395.09,237623922.0,392.365,1296129
2022-07-29,395.75,413.03,389.95,411.99,233224038.0,400.668,1255734
2022-08-05,409.15,415.68,406.82,413.47,209643313.0,411.952,1115329
2022-08-12,415.25,427.21,410.22,427.1,196889756.0,418.567,1051565
2022-08-19,424.77,431.73,421.22,422.14,196485346.0,426.603,1001900
2022-08-26,417.05,419.96,405.25,405.31,222290539.0,413.303,1101562
2022-09-02,402.2,405.84,390.04,392.24,282337205.0,397.336,1513325
2022-09-09,393.1,407.51,388.42,406.6,216530553.0,397.422,1091675
2022-09-16,408.78,411.73,382.11,385.56,291559201.0,394.916,1556424
2022-09-23,382.26,389.31,363.29,367.95,321027027.0,378.283,1706855
2022-09-30,366.43,372.3,357.11,357.18,377320380.0,364.192,1988874
2022-10-07,361.08,379.46,359.21,362.79,327356632.0,371.074,1678193
2022-10-14,363.97,370.26,348.11,357.63,365110116.0,359.92,1879228
2022-10-21,364.0,375.45,363.54,374.29,326207046.0,369.018,1663720
2022-10-28,375.9,389.52,373.11,389.02,295595880.0,382.478,1544678
2022-11-04,386.44,390.39,368.79,376.35,328852574.0,380.102,1725197
2022-11-11,377.71,399.35,373.61,398.51,309308743.0,386.027,1627978
2022-11-18,396.66,402.31,390.14,396.03,257530219.0,396.19,1351350
2022-11-25,394.64,402.93,392.66,402.33,137543323.0,398.844,718971
2022-12-02,399.09,410.0,393.3,406.91,272467111.0,401.743,1403432
2022-12-09,403.95,404.93,391.64,393.28,235344098.0,396.15,1235226
2022-12-16,394.1,410.49,381.04,383.27,337922441.0,395.115,1816708
2022-12-23,383.47,387.41,374.77,382.91,247357630.0,381.125,1281083
2022-12-30,382.79,384.35,376.42,382.43,175046183.0,380.98,932469
2023-01-06,384.37,389.25,377.83,388.08,226918518.0,382.792,1177722
2023-01-13,390.37,399.1,386.27,398.5,245172622.0,393.372,1247518
2023-01-20,398.48,400.23,387.26,395.88,223784131.0,393.525,1158706
2023-01-27,396.72,408.16,393.56,405.68,251253171.0,400.938,1349343
2023-02-03,402.8,418.31,400.28,412.35,304551825.0,409.165,1624132
2023-02-10,409.79,416.49,405.01,408.04,269540232.0,410.149,1458427
2023-02-17,408.72,415.05,404.05,407.26,268588912.0,410.21,1465995
2023-02-24,403.06,404.16,393.64,396.38,269476561.0,398.419,1502206
2023-03-03,399.86,404.45,392.33,404.19,318464119.0,397.71,1844688
2023-03-10,405.04,407.45,384.32,385.91,404199868.0,395.847,2318604
2023-03-17,381.81,396.47,380.65,389.99,509069330.0,389.287,3085096
2023-03-24,390.79,402.49,389.4,395.75,370195167.0,395.158,2118789
2023-03-31,398.11,409.7,393.69,409.39,272806559.0,401.117,1527957
2023-04-06,408.86,411.92,405.67,409.19,192812853.0,408.594,1081273
2023-04-14,406.6,415.09,405.97,412.46,261135891.0,410.429,1445735
2023-04-21,412.37,415.72,410.17,412.2,242114864.0,412.708,1320862
2023-04-28,411.99,415.94,403.78,415.93,288872341.0,410.035,1593548
2023-05-05,415.47,417.62,403.74,412.63,318835262.0,410.532,1791825
2023-05-12,412.96,414.54,408.87,411.59,239497279.0,411.614,1353208
2023-05-19,412.22,420.72,410.23,418.62,265748453.0,415.175,1503599
2023-05-26,418.64,420.77,409.87,420.02,286682587.0,415.659,1634463
2023-06-02,422.03,428.74,416.22,427.92,246103213.0,421.469,1371160
2023-06-09,428.29,431.99,425.82,429.9,254101892.0,428.326,1461216
2023-06-16,430.92,443.9,430.17,439.46,315293110.0,437.67,1827369
2023-06-23,437.46,438.37,432.47,433.21,209081871.0,435.331,1192278
2023-06-30,432.63,444.3,431.19,443.28,267871976.0,437.048,1488849
2023-07-07,442.92,444.08,437.06,438.55,172042687.0,440.838,968199
2023-07-14,438.18,451.36,437.58,449.28,236091128.0,445.22,1308275
2023-07-21,449.13,456.43,449.08,452.18,231946404.0,453.253,1351525
2023-07-28,453.37,459.44,451.55,456.92,244708345.0,455.436,1408552
2023-08-04,457.41,458.16,446.27,446.81,252478004.0,452.021,1445900
2023-08-11,448.71,451.7,443.34,445.65,269968747.0,447.276,1538392
2023-08-18,444.7,448.11,433.01,436.5,267001482.0,440.71,1551646
2023-08-25,437.55,445.22,435.0,439.97,291120180.0,439.476,1610823
2023-09-01,442.24,453.67,440.86,451.19,250693521.0,448.432,1358128
2023-09-08,450.74,451.06,442.75,445.52,186498319.0,446.402,1056648
2023-09-15,448.24,451.08,442.92,443.37,259731933.0,446.904,1449067
2023-09-22,443.05,444.97,429.99,430.42,282592540.0,437.517,1535702
2023-09-29,429.16,432.27,422.29,427.48,345467564.0,427.761,1843194
2023-10-06,426.62,431.13,420.18,429.54,355242791.0,424.473,1988096
2023-10-13,427.58,437.34,427.01,431.5,298363902.0,433.367,1658500
2023-10-20,433.81,438.14,421.08,421.19,370438043.0,430.427,2080100
2023-10-27,419.61,424.82,409.21,410.68,367358619.0,417.354,2179314
2023-11-03,413.54,436.29,412.22,434.69,329387379.0,423.5,1858943
2023-11-10,435.47,440.93,433.4,440.61,264980762.0,436.504,1494570
2023-11-17,439.22,451.42,438.42,450.79,248833629.0,448.101,1388606
2023-11-24,450.52,456.38,450.52,455.3,145216978.0,453.982,806448
2023-12-01,454.65,459.65,453.34,459.1,237276570.0,455.809,1337931
2023-12-08,455.6,460.75,454.31,460.2,248481665.0,457.138,1409141
2023-12-15,459.69,473.73,459.47,469.33,288272869.0,467.4,1623447
2023-12-22,470.99,475.9,467.82,473.65,249215350.0,472.424,1372965
2023-12-29,474.08,477.55,473.3,475.31,173739208.0,475.694,957132
2024-01-05,472.16,473.67,466.43,467.92,248166475.0,469.827,1369573
2024-01-12,468.43,478.6,468.3,476.68,243991947.0,474.446,1303066
2024-01-19,475.25,482.72,469.87,482.43,232187282.0,475.522,1240455
2024-01-26,484.01,489.12,482.78,487.41,243179206.0,486.063,1415421
2024-02-02,487.73,496.05,482.89,494.35,291807605.0,488.828,1647629
2024-02-09,493.71,501.65,490.23,501.2,217421275.0,496.187,1293436
2024-02-16,501.17,503.5,490.71,499.51,255905242.0,498.002,1465838
2024-02-23,497.72,510.13,493.56,507.85,191369926.0,501.766,1113450
2024-03-01,508.3,513.29,504.75,512.85,203472249.0,508.028,1129068
2024-03-08,512.04,518.23,504.91,511.72,241566626.0,511.759,1450504
2024-03-15,510.48,517.38,508.36,509.83,253212910.0,513.135,1504733
2024-03-22,513.98,524.11,511.12,521.21,221086220.0,517.895,1278413
2024-03-28,519.79,524.61,518.4,523.07,160539064.0,521.451,925430
2024-04-05,523.83,524.38,512.75,518.43,246601992.0,518.81,1441372
2024-04-12,519.18,520.75,509.08,510.85,252807550.0,515.101,1483153
2024-04-19,515.13,515.3,493.86,495.16,293605342.0,502.577,1721924
2024-04-26,497.84,509.88,495.43,508.26,218813792.0,503.35,1291420
2024-05-03,510.08,512.55,499.55,511.29,236191731.0,506.095,1342460
2024-05-10,513.75,522.64,513.3,520.84,162248391.0,517.904,900709
2024-05-17,522.56,531.53,519.74,529.45,166743703.0,526.326,927447
2024-05-24,529.57,533.07,524.72,529.44,133513593.0,529.335,678463
2024-05-31,530.26,530.51,518.36,527.37,129179281.0,524.934,638427
2024-06-07,529.02,536.89,522.6,534.01,131725878.0,530.718,698405
2024-06-14,533.18,544.12,532.05,542.78,136023694.0,539.39,704196
2024-06-21,542.08,550.12,541.6,544.51,115636735.0,546.38,611446
2024-06-28,544.33,550.28,542.44,544.22,131878583.0,545.217,715812
2024-07-05,545.63,555.05,542.52,554.64,89618832.0,548.704,472829
2024-07-12,555.44,563.67,554.19,559.99,128697349.0,558.263,638090
2024-07-19,562.05,565.16,547.91,548.99,153550336.0,556.918,767075
2024-07-26,553.0,556.74,537.45,544.44,165994848.0,546.316,842233
2024-08-02,546.02,554.87,528.6,532.9,196991337.0,542.182,1025916
2024-08-09,511.64,534.51,510.27,532.99,260465691.0,523.359,1399184
2024-08-16,534.22,555.02,530.95,554.31,146114209.0,544.326,755110
2024-08-23,554.73,563.18,553.86,562.13,136196021.0,559.101,721167
2024-08-30,563.14,564.2,555.04,563.68,127830778.0,560.419,677879
2024-09-06,560.47,560.81,539.44,540.36,142030951.0,549.293,758374
2024-09-13,544.65,563.03,539.96,562.01,155039199.0,551.303,828112
2024-09-20,561.74,572.88,559.9,568.25,161101631.0,566.039,849778
2024-09-27,569.34,574.71,567.6,571.47,119817261.0,570.948,640522
2024-10-04,570.42,574.38,565.27,572.98,160507149.0,569.405,857092
2024-10-11,571.3,580.33,566.63,579.58,125176140.0,574.207,644103
2024-10-18,581.22,586.12,578.54,584.59,107204168.0,582.639,535881
2024-10-25,583.87,584.85,574.41,579.04,119937119.0,580.502,592768
2024-11-01,582.54,583.32,568.44,571.04,124473988.0,576.786,630381
2024-11-08,571.18,599.64,567.89,598.19,138643758.0,586.801,705486
2024-11-15,599.82,600.17,583.86,585.75,126036729.0,594.33,640298
2024-11-22,586.22,596.15,584.03,595.51,122183161.0,590.26,633661
2024-11-29,599.52,603.35,595.2,602.55,86105845.0,599.544,417789
2024-12-06,602.97,609.07,602.34,607.81,90883487.0,605.793,440896
2024-12-13,607.69,608.44,602.13,604.21,93674669.0,605.298,467607
2024-12-20,606.0,607.78,580.91,591.15,205501745.0,594.953,1067248
2024-12-27,590.89,602.48,587.66,595.01,94932453.0,595.625,475172
2025-01-03,587.96,592.6,580.5,591.95,118554711.0,587.374,640763
2025-01-10,596.27,599.7,578.55,580.49,128049614.0,588.47,670519
2025-01-17,575.77,599.36,575.35,597.58,135762705.0,588.309,686417
2025-01-24,600.67,610.78,598.67,607.97,86310640.0,605.972,411673
2025-01-31,594.83,609.96,594.64,601.82,146385456.0,602.178,774884
2025-02-07,592.67,608.13,590.49,600.77,129974059.0,600.684,678085
2025-02-14,603.99,610.99,598.51,609.7,98208545.0,605.698,514566
2025-02-21,610.88,613.23,599.47,599.94,90624237.0,607.459,453912
2025-02-28,602.02,603.03,582.44,594.18,181357235.0,592.59,965305
2025-03-07,596.18,597.34,565.63,575.92,255860762.0,578.15,1375187
2025-03-14,567.59,569.54,549.68,562.81,230590354.0,558.827,1252855
2025-03-21,562.77,570.95,558.03,563.98,164671333.0,564.404,895074
2025-03-28,570.8,576.41,555.07,555.66,160745679.0,567.899,777796
2025-04-04,549.82,567.42,505.06,505.28,323894246.0,536.995,1749776
2025-04-11,489.19,546.33,481.8,533.94,611366438.0,514.169,3483723
2025-04-17,544.02,544.28,520.29,526.41,167317162.0,533.427,858284
2025-04-25,521.16,551.05,508.46,550.64,229601556.0,533.095,1184874
2025-05-02,551.39,568.38,541.52,566.76,187584988.0,555.605,914664
2025-05-09,562.55,570.31,556.04,564.34,159965212.0,563.212,824308
2025-05-16,581.49,594.5,577.04,594.2,212256979.0,586.927,1249895
2025-05-23,588.1,595.54,575.6,579.11,237390616.0,586.846,1461559
2025-05-30,586.08,593.2,578.43,589.39,192025669.0,589.029,1220991
2025-06-06,587.76,600.83,585.06,599.14,230450791.0,595.321,1439070
2025-06-13,599.74,605.06,595.48,597.0,234197794.0,600.826,1451465
2025-06-20,600.4,604.45,592.86,594.28,195707352.0,599.064,1199528
2025-06-27,595.04,616.39,591.89,614.91,244381702.0,606.688,1480751
2025-07-03,617.36,626.28,615.04,625.34,176972009.0,619.041,1089326
2025-07-11,623.35,626.88,617.87,623.62,223485107.0,622.62,1405032
